1 着,2 着,2連 対率,3 着,3連 対率,B,S,Unnamed: 0,ギヤ 倍数,マ,予 想,勝 率,好 気 合,差,捲,枠 番,着 外,競走得点,級 班,総 評,脚 質,車 番,逃,選手名 府県/年齢/期別
5,6,45.8,3,58.3,5,1,0,3.92,1,○,20.8,,4,4,1,10,73.66,A3,3,両,1,2,中山 健  新　潟/37/89
1,5,33.3,1,38.8,0,0,1,3.86,3,×,5.5,,3,0,2,11,72.77,A3,3,追,2,0,岡崎 徹  神奈川/49/70
9,6,83.3,3,100.0,0,1,2,3.92,5,◎,50.0,,10,0,3,0,78.33,A3,1,追,3,0,鰐淵 圭佑  群　馬/37/90
1,1,9.5,4,28.5,0,0,3,3.85,0,▲,4.7,,2,0,4,15,67.45,A3,5,追,4,0,志村 正洋  神奈川/46/77
4,7,45.8,3,58.3,11,6,4,3.92,3,注,16.6,,0,1,5,10,70.5,A3,3,逃,5,7,角口 聖也  千　葉/32/94
0,3,14.2,3,28.5,0,0,5,3.92,2,△,0.0,,1,0,6,15,65.76,A3,5,追,6,0,茨木 基成  東　京/58/60
2,2,19.0,1,23.8,0,5,0,3.93,1,▲,9.5,,3,0,1,16,67.7,A3,4,追,1,0,三澤 勝成  宮　城/43/83
0,1,4.7,7,38.0,0,0,1,3.92,1,注,0.0,,0,0,2,13,67.0,A3,5,追,2,0,酒井 実  埼　玉/49/70
4,4,44.4,4,66.6,1,0,2,3.79,4,○,22.2,,1,3,3,6,73.55,A3,3,両,3,0,村上 貴彦  栃　木/35/100
4,6,47.6,7,80.9,5,7,3,3.85,2,◎,19.0,,4,3,4,4,75.57,A3,2,両,4,1,森田 達也  福　島/37/88
2,3,23.8,0,23.8,0,0,4,3.85,0,×,9.5,,5,0,5,16,68.76,A3,4,追,5,0,阿部 晃  宮　城/40/86
0,1,4.7,4,23.8,0,1,5,3.92,1,,0.0,,0,0,6,16,65.61,A3,5,追,6,0,宮原 貴之  栃　木/50/67
0,2,33.3,0,33.3,1,2,6,3.92,0,△,0.0,,1,0,6,4,68.66,A3,4,逃,7,1,相川 巧  埼　玉/31/98
0,2,10.0,3,25.0,0,2,0,3.83,0,▲,0.0,,2,0,1,15,80.57,A2,4,追,1,0,平澤 秀信  北海道/48/73
0,3,13.0,3,26.0,0,0,1,3.92,1,△,0.0,,2,0,2,17,81.18,A2,4,追,2,0,山田 圭二  愛　知/49/70
3,0,16.6,3,33.3,0,5,2,3.85,0,○,16.6,,3,0,3,12,89.72,A1,2,追,3,0,川津 悠揮  北海道/32/96
5,4,42.8,3,57.1,12,0,3,3.92,0,×,23.8,,0,2,4,9,84.66,A1,4,逃,4,7,山崎 晃  石　川/35/95
1,2,14.2,4,33.3,0,0,4,3.92,2,注,4.7,,0,1,5,14,81.66,A2,4,追,5,0,今村 俊雄  山　梨/41/99
0,0,0.0,4,22.2,3,0,5,3.92,0,,0.0,,0,0,6,14,77.88,A2,5,追,6,0,渋川 聡士  新　潟/43/84
5,2,58.3,1,66.6,7,2,6,3.85,0,◎,41.6,,1,2,6,4,92.16,A2,2,逃,7,4,坂本 紘規  青　森/24/117
3,5,44.4,2,55.5,4,10,0,3.92,1,×,16.6,,2,3,1,8,92.11,A1,2,両,1,2,菅谷 隆司  東　京/35/96
1,4,29.4,2,41.1,0,1,1,3.92,1,○,5.8,,4,0,2,10,90.64,A1,2,両,2,0,西谷 岳文  京　都/42/93
2,1,37.5,0,37.5,3,1,2,3.92,0,▲,25.0,,0,1,3,5,92.71,A1,2,逃,3,2,高橋 幸司  山　形/32/99
5,6,52.3,0,52.3,9,4,3,3.92,0,注,23.8,,1,5,4,10,91.23,A1,2,逃,4,5,磯島 康祐  青　森/29/105
15,1,84.2,0,84.2,12,2,4,3.83,0,◎,78.9,,0,11,5,3,96.15,A1,1,逃,5,5,藤井 侑吾  愛　知/26/115
9,4,54.1,1,58.3,8,0,5,3.92,0,,37.5,,1,8,6,10,90.17,A1,2,逃,6,4,坂木田 雄介  千　葉/47/78
2,1,50.0,1,66.6,1,0,6,3.93,0,△,33.3,,2,1,6,2,90.66,A1,2,逃,7,0,古川 宗行  東　京/34/96
4,1,27.7,2,38.8,2,0,0,3.92,0,△,22.2,,0,3,1,11,68.27,A3,4,逃,1,2,浅井 雄三  岐　阜/48/79
0,2,10.5,3,26.3,0,0,1,3.92,0,注,0.0,,2,0,2,14,71.66,A3,3,追,2,0,工 正信  広　島/57/55
3,3,37.5,3,56.2,8,5,2,3.86,1,○,18.7,,1,0,3,7,69.81,A3,4,両,3,4,秋永 昂人  福　岡/34/98
0,7,33.3,2,42.8,0,4,3,3.85,7,×,0.0,,0,0,4,12,70.42,A3,4,追,4,0,杉山 正和  三　重/54/59
0,3,15.7,5,42.1,0,0,4,3.92,2,▲,0.0,,1,0,5,11,66.36,A3,5,追,5,0,谷尾 佳昭  岡　山/58/53
0,0,0.0,0,0.0,0,0,5,3.77,0,,0.0,,0,0,6,12,63.33,A3,6,追,6,0,長澤 道雄  兵　庫/50/65
6,3,50.0,4,72.2,0,7,6,3.92,1,◎,33.3,,7,1,6,5,75.77,A3,2,追,7,0,中野 功史  長　崎/43/84
1,2,16.6,1,22.2,7,0,0,3.92,0,×,5.5,,1,0,1,14,67.5,A3,4,逃,1,2,渡辺 大剛  京　都/31/100
8,3,61.1,0,61.1,4,0,1,3.86,1,○,44.4,,2,7,2,7,74.77,A3,2,追,2,1,河添 信也  熊　本/46/74
0,2,9.5,3,23.8,0,5,2,3.92,0,▲,0.0,,2,0,3,16,66.28,A3,5,追,3,0,池内 吾郎  愛　媛/50/65
0,3,14.2,2,23.8,0,6,3,3.85,1,注,0.0,,2,0,4,16,68.95,A3,4,追,4,0,中武 克雄  大　阪/57/57
4,11,62.5,6,87.5,4,0,4,3.92,6,◎,16.6,,2,5,5,3,75.66,A3,2,両,5,2,井上 将志  兵　庫/36/100
0,0,0.0,0,0.0,0,0,5,3.92,0,,0.0,,0,0,6,18,62.33,A3,6,追,6,0,坂野 耕治  徳　島/42/82
0,5,21.7,2,30.4,1,7,6,3.79,4,△,0.0,,1,0,6,16,70.0,A3,4,追,7,0,安藤 雄一  福　岡/53/59
0,7,41.1,4,64.7,1,1,0,3.92,7,○,0.0,,0,0,1,6,71.82,A3,3,追,1,0,山中 貴雄  愛　知/44/79
4,2,31.5,2,42.1,6,0,1,3.86,0,▲,21.0,,3,0,2,11,67.84,A3,4,両,2,3,平川 公一  徳　島/43/86
0,1,11.1,1,22.2,0,0,2,3.92,0,注,0.0,,1,0,3,7,69.55,A3,4,追,3,0,野口 誠一郎  長　崎/53/61
4,6,52.6,1,57.8,0,3,3,3.85,4,×,21.0,,5,1,4,8,71.42,A3,3,追,4,0,藤原 義浩  徳　島/48/76
7,6,54.1,4,70.8,16,2,4,3.92,0,◎,29.1,,0,2,5,7,73.58,A3,3,逃,5,11,竹田 慎一  富　山/42/94
0,2,13.3,2,26.6,0,1,5,3.85,2,,0.0,,0,0,6,11,66.53,A3,5,追,6,0,岡 俊行  高　知/44/80 （欠車）
2,2,19.0,5,42.8,2,1,6,3.92,1,△,9.5,,3,0,6,12,69.19,A3,4,両,7,0,富永 昌久  佐　賀/40/88
1,4,26.3,5,52.6,0,3,0,3.93,3,△,5.2,,2,0,1,9,72.0,A3,3,追,1,0,松木 竜也  愛　媛/51/65
2,4,40.0,3,60.0,1,3,1,3.93,3,○,13.3,,2,0,2,6,72.73,A3,3,追,2,1,河元 茂  大　阪/46/78
0,4,19.0,2,28.5,2,0,2,3.92,2,▲,0.0,,2,0,3,15,66.47,A3,5,追,3,0,高田 誠  福　岡/50/65
10,4,82.3,0,82.3,13,0,3,3.92,0,◎,58.8,,0,4,4,3,77.93,A3,1,逃,4,10,小松原 正登  福　井/22/117
0,2,11.1,2,22.2,1,0,4,3.92,1,注,0.0,,1,0,5,14,66.77,A3,5,両,5,0,西村 尚文  鹿児島/38/91
0,1,5.5,2,16.6,0,2,5,3.86,1,,0.0,,0,0,6,15,65.66,A3,5,追,6,0,中畑 正彦  和歌山/57/59
7,2,45.0,1,50.0,9,0,6,3.92,0,×,35.0,,0,1,6,10,71.59,A3,3,逃,7,8,岡崎 克政  岡　山/35/92
1,2,20.0,2,33.3,3,3,0,3.92,1,△,6.6,,0,0,1,10,68.13,A3,4,両,1,2,近藤 悠人  鹿児島/34/93
1,1,9.5,4,28.5,1,2,1,3.92,1,×,4.7,,1,0,2,15,67.76,A3,4,追,2,0,久保田 奉文  福　井/42/86
17,2,90.4,1,95.2,16,2,2,3.85,0,◎,80.9,,0,7,3,1,79.0,A3,1,逃,3,12,倉田 紘希  三　重/20/117
0,2,13.3,1,20.0,0,0,3,3.92,0,▲,0.0,,2,0,4,12,66.66,A3,5,追,4,0,原 敬次  佐　賀/53/60
4,5,42.8,3,57.1,0,1,4,3.92,4,○,19.0,,5,0,5,9,74.04,A3,2,追,5,0,鰐渕 正利  愛　知/51/65
0,0,0.0,0,0.0,0,0,5,3.92,0,,0.0,,0,0,6,18,61.44,A3,6,追,6,0,齋藤 勝  広　島/60/53
1,0,20.0,0,20.0,0,1,6,3.86,0,注,20.0,,1,0,6,4,68.5,A3,4,追,7,0,高田 隼人  熊　本/43/81
3,5,38.0,2,47.6,6,1,0,3.92,1,◎,14.2,,2,4,1,11,85.28,A2,3,両,1,1,山田 純也  岐　阜/32/99
3,5,30.7,2,38.4,10,5,1,3.92,2,○,11.5,,1,1,2,16,82.07,A2,4,両,2,4,松田 直也  大　分/36/92
1,1,9.5,1,14.2,1,1,2,3.86,0,▲,4.7,,0,2,3,18,78.66,A2,5,逃,3,0,永橋 武司  大　阪/38/90
1,0,12.5,2,37.5,1,0,3,3.92,0,△,12.5,,0,1,4,5,85.87,A1,3,両,4,0,杉山 剛  福　岡/43/86
1,2,14.2,2,23.8,0,2,4,3.93,2,×,4.7,,1,0,5,16,81.19,A2,4,追,5,0,鷲見 逸喜  岐　阜/43/79
1,0,16.6,0,16.6,0,0,5,3.92,0,注,16.6,,1,0,6,5,81.16,A2,4,追,6,0,太田黒 大心  熊　本/46/74
3,3,28.5,3,42.8,7,0,0,3.92,0,△,14.2,,0,2,1,12,83.14,A2,4,逃,1,4,小出 慎也  和歌山/29/109
3,2,25.0,4,45.0,0,1,1,3.92,2,◎,15.0,,1,2,2,11,88.65,A1,3,追,2,0,石丸 寛之  岡　山/46/76
1,2,14.2,2,23.8,0,2,2,3.92,2,▲,4.7,,1,0,3,16,84.65,A2,4,追,3,0,古田 義明  三　重/47/79
1,1,11.1,5,38.8,0,4,3,3.92,1,×,5.5,,1,0,4,11,82.72,A2,4,追,4,0,曽我部 匡史  愛　媛/47/82
2,2,22.2,6,55.5,0,1,4,3.92,2,○,11.1,,2,0,5,8,89.83,A1,2,追,5,0,内山 貴裕  京　都/32/95
2,4,33.3,2,44.4,10,3,5,3.92,0,注,11.1,,1,4,6,10,81.22,A2,4,逃,6,1,野上 竜太  岡　山/25/115
4,2,37.5,0,37.5,3,3,0,3.85,0,◎,25.0,,1,3,1,10,86.25,A2,3,逃,1,2,三浦 貴大  岐　阜/22/115
0,5,22.7,7,54.5,0,6,1,3.92,4,×,0.0,,1,0,2,10,88.31,A1,3,追,2,0,玉手 翔  兵　庫/37/91
1,1,11.1,4,33.3,0,2,2,3.92,0,注,5.5,,2,0,3,12,83.66,A2,4,追,3,0,山根 泰道  岡　山/51/64
1,3,25.0,2,37.5,0,1,3,3.92,1,○,6.2,,3,0,4,10,85.75,A1,3,追,4,0,宝満 大作  岐　阜/41/85
0,0,0.0,0,0.0,0,0,4,3.92,0,▲,0.0,,0,0,5,3,77.66,A2,5,追,5,0,垣外中 勝哉  大　阪/49/68
3,6,40.9,2,50.0,8,1,5,3.93,0,△,13.6,,3,1,6,11,82.13,A2,4,逃,6,5,才迫 勇馬  広　島/32/95
6,2,38.0,4,57.1,5,3,0,3.92,0,×,28.5,,1,4,1,9,71.57,A3,3,両,1,3,栗田 雅也  静　岡/41/84
2,3,41.6,3,66.6,0,0,1,3.92,1,○,16.6,,4,0,2,4,73.75,A3,3,追,2,0,柳澤 達也  兵　庫/48/72
1,4,27.7,4,50.0,0,0,2,3.85,1,△,5.5,,3,1,3,9,69.61,A3,4,追,3,0,安藤 宜明  神奈川/50/74
0,1,4.1,6,29.1,0,0,3,3.71,0,▲,0.0,,1,0,4,17,67.16,A3,5,追,4,0,辻本 兼市  兵　庫/50/66
0,2,13.3,3,33.3,0,0,4,3.86,0,,0.0,,2,0,5,10,66.93,A3,5,追,5,0,青山 佐知男  千　葉/47/81
1,0,6.6,2,20.0,1,1,5,3.92,0,注,6.6,,1,0,6,12,65.76,A3,5,追,6,0,田崎 良太郎  福　島/40/87
14,4,75.0,0,75.0,17,1,6,3.92,0,◎,58.3,,0,5,6,6,75.58,A3,2,逃,7,13,内藤 久文  愛　知/29/117
1,4,23.8,3,38.0,5,0,0,3.85,0,注,4.7,,0,5,1,13,81.61,A1,4,逃,1,0,小岩 哲也  大　分/35/101
1,6,35.0,2,45.0,0,5,1,3.92,3,×,5.0,,3,1,2,11,86.84,A2,3,両,2,0,一ノ瀬 貴将  大　阪/34/98
1,3,21.0,2,31.5,0,4,2,3.92,2,◎,5.2,,2,0,3,13,90.1,A1,2,追,3,0,藤原 悠斗  岡　山/35/91
1,3,30.7,1,38.4,0,1,3,3.92,3,△,7.6,,1,0,4,8,86.41,A1,3,追,4,0,中澤 孝之  大　阪/55/56
3,3,33.3,3,50.0,11,1,4,3.92,0,○,16.6,,0,0,5,9,83.94,A2,4,逃,5,6,蒋野 翔太  徳　島/25/115
0,4,19.0,4,38.0,0,2,5,3.92,2,▲,0.0,,2,0,6,13,82.8,A2,4,追,6,0,川野 正芳  大　分/43/80
1,5,28.5,6,57.1,0,0,0,3.92,2,○,4.7,,4,0,1,9,88.04,A1,3,追,1,0,三浦 稔希  愛　知/45/76
1,5,28.5,5,52.3,0,0,1,3.92,4,×,4.7,,2,0,2,10,85.38,A1,3,追,2,0,櫻井 宏智  広　島/50/72
1,3,25.0,1,31.2,3,3,2,3.92,0,△,6.2,,2,2,3,11,80.5,A2,4,両,3,0,高倉 俊宏  福　岡/34/93
4,1,27.7,1,33.3,11,13,3,3.92,0,▲,22.2,,0,0,4,12,81.0,A2,4,逃,4,5,田村 裕也  徳　島/25/113
2,1,25.0,3,50.0,1,3,4,3.92,0,◎,16.6,,1,2,5,6,89.41,A1,2,逃,5,0,藤井 準也  岐　阜/26/105
2,2,19.0,0,19.0,1,2,5,3.92,1,注,9.5,,3,0,6,17,81.3,A2,4,追,6,0,渡邉 満  福　岡/48/73
2,5,35.0,6,65.0,0,1,0,3.92,3,×,10.0,,4,0,1,7,88.1,A1,3,追,1,0,山原 利秀  高　知/52/63
1,5,27.2,0,27.2,2,1,1,3.93,2,▲,4.5,,4,0,2,16,82.72,A2,4,追,2,0,太田 雅之  三　重/43/86
11,1,66.6,2,77.7,8,2,2,3.92,0,◎,61.1,,0,7,3,4,92.41,A2,2,逃,3,5,緒方 将樹  熊　本/22/117
1,3,16.6,3,29.1,0,1,3,3.92,1,△,4.1,,3,0,4,17,82.83,A2,4,追,4,0,一丸 安貴  愛　知/48/70
0,3,13.6,5,36.3,0,1,4,3.93,2,○,0.0,,1,0,5,14,86.0,A1,3,追,5,0,吉良 勝信  福　岡/46/75
0,1,6.2,3,25.0,0,0,5,3.85,1,,0.0,,0,0,6,12,79.87,A2,5,追,6,0,塩満 賢治  鹿児島/55/58
1,2,16.6,3,33.3,2,4,6,3.85,0,注,5.5,,0,2,6,12,80.44,A1,4,逃,7,1,今野 有樹  愛　媛/23/115
6,1,53.8,1,61.5,8,1,0,3.92,1,注,46.1,,0,2,1,5,92.46,A1,2,逃,1,4,藤原 俊太郎  岡　山/25/111
10,5,62.5,2,70.8,1,5,1,3.92,2,×,41.6,,11,2,2,7,93.66,A1,2,追,2,0,藤原 誠  岐　阜/48/69
10,4,77.7,1,83.3,6,2,2,3.92,1,◎,55.5,,4,7,3,3,96.0,A1,1,逃,3,2,北川 大五郎  大　阪/29/103
5,4,42.8,7,76.1,5,2,3,3.92,0,△,23.8,,3,4,4,5,93.33,A1,2,両,4,2,西浦 仙哉  三　重/46/73
5,3,38.0,3,52.3,0,1,4,3.86,3,○,23.8,,5,0,5,10,91.66,A1,2,追,5,0,中井 護  滋　賀/46/74
3,5,33.3,7,62.5,0,3,5,3.86,5,,12.5,,3,0,6,9,90.37,A1,2,追,6,0,表 大暁  富　山/46/82
2,6,38.0,7,71.4,0,0,6,3.93,4,▲,9.5,,4,0,6,6,91.04,A1,2,追,7,0,川又 裕樹  鹿児島/35/97
5,6,45.8,3,58.3,13,3,0,3.92,0,×,20.8,,1,3,1,10,89.04,A1,2,逃,1,7,谷本 奨輝  富　山/26/107
1,0,11.1,2,33.3,1,0,1,3.92,0,○,11.1,,0,1,2,6,88.88,A1,3,逃,2,0,金澤 竜二  福　島/35/91
2,5,30.4,4,47.8,0,0,2,3.92,4,△,8.6,,2,1,3,12,84.95,A2,4,追,3,0,窪田 陽介  滋　賀/36/90
3,4,58.3,2,75.0,8,1,3,3.85,0,◎,25.0,,1,0,4,3,90.66,A2,2,逃,4,6,前川 大輔  福　島/30/113
3,5,36.3,2,45.4,0,4,4,3.92,2,注,13.6,,6,0,5,12,83.5,A2,4,追,5,0,徳丸 泰教  兵　庫/35/95
0,2,9.5,4,28.5,0,0,5,3.92,2,▲,0.0,,0,0,6,15,80.19,A2,4,追,6,0,松岡 慶彦  栃　木/46/74
2,1,50.0,0,50.0,2,1,0,3.92,0,×,33.3,,0,2,1,3,84.66,A1,4,逃,1,1,本多 哲也  千　葉/32/97
5,1,66.6,1,77.7,8,0,1,3.85,0,◎,55.5,,0,1,2,2,92.0,A2,2,逃,2,5,宮下 一歩  長　野/28/115
0,5,26.3,3,42.1,0,0,2,3.93,4,△,0.0,,1,0,3,11,87.94,A1,3,追,3,0,西郷 剛  兵　庫/51/69
1,4,20.8,5,41.6,12,3,3,3.85,1,注,4.1,,0,1,4,14,82.33,A2,4,逃,4,3,勝谷 勝治  三　重/30/115
4,5,45.0,4,65.0,1,6,4,3.85,3,○,20.0,,5,1,5,7,88.05,A2,3,追,5,0,高橋 昇平  埼　玉/31/99
0,0,0.0,0,0.0,0,0,5,3.77,0,▲,0.0,,0,0,6,3,79.0,A2,5,追,6,0,伊藤 拓人  静　岡/32/94
1,0,9.0,3,36.3,0,0,6,3.92,0,,9.0,,1,0,6,7,80.54,A2,4,追,7,0,梶原 秀庸  大　阪/46/77
1,1,18.1,1,27.2,0,1,0,3.92,1,○,9.0,,1,0,1,8,84.9,A1,4,追,1,0,白崎 芳典  福　井/44/86
2,0,13.3,3,33.3,1,0,1,3.92,0,△,13.3,,1,1,2,10,83.53,A2,4,追,2,0,中川 貴史  三　重/44/79
4,2,22.2,1,25.9,9,0,2,3.92,0,注,14.8,,1,2,3,20,83.7,A1,4,両,3,3,早川 成矢  埼　玉/45/78
12,3,83.3,1,88.8,12,1,3,3.92,0,◎,66.6,,1,8,4,2,94.11,A2,2,逃,4,6,土生 敦弘  大　阪/22/117
0,3,21.4,1,28.5,0,0,4,3.93,1,,0.0,,2,0,5,10,81.38,A2,4,追,5,0,丸元 大樹  兵　庫/44/82
0,1,4.5,2,13.6,0,4,5,3.92,0,▲,0.0,,1,0,6,19,80.38,A2,4,両,6,0,伊藤 大理  長　野/44/85
3,2,31.2,2,43.7,5,0,6,3.92,0,×,18.7,,0,2,6,9,86.8,A1,3,逃,7,3,井田 晶之  愛　知/29/113
10,3,61.9,5,85.7,14,3,0,3.92,0,◎,47.6,,0,4,1,3,93.28,A2,2,逃,1,9,高田 修汰  福　井/21/115
0,0,0.0,4,19.0,0,2,1,3.92,0,▲,0.0,,0,0,2,17,81.0,A2,4,追,2,0,石田 岳彦  岩　手/39/89
0,1,14.2,1,28.5,0,0,2,3.92,0,△,0.0,,1,0,3,5,85.0,A2,3,追,3,0,高橋 佑輔  神奈川/33/96
1,2,20.0,1,26.6,0,0,3,3.92,1,注,6.6,,2,0,4,11,83.4,A2,4,追,4,0,板橋 常晶  岐　阜/47/82
4,3,38.8,3,55.5,0,0,4,3.92,3,○,22.2,,3,1,5,8,88.55,A1,3,両,5,0,山崎 光展  京　都/34/93
1,2,12.5,3,25.0,0,2,5,3.92,1,,4.1,,2,0,6,18,80.41,A1,4,追,6,0,杉浦 康一  北海道/55/58
6,2,38.0,3,52.3,3,7,6,3.92,0,×,28.5,,2,6,6,10,87.52,A1,3,逃,7,0,田中 誇士  静　岡/27/103
11,4,83.3,1,88.8,0,3,0,3.92,3,◎,61.1,,11,1,1,2,96.27,A1,1,逃,1,0,山本 巨樹  大　阪/30/100
4,4,53.3,1,60.0,7,4,1,3.92,0,×,26.6,,0,5,2,6,93.0,A1,2,逃,2,3,森川 康輔  岐　阜/23/111
3,4,33.3,3,47.6,0,0,2,3.92,2,▲,14.2,,5,0,3,11,90.23,A1,2,追,3,0,清水 広幸  愛　知/54/57
7,6,61.9,3,76.1,2,3,3,3.93,3,△,33.3,,6,2,4,5,94.04,A1,2,両,4,2,白上 翔  滋　賀/32/95
2,2,26.6,3,46.6,0,0,4,3.92,2,注,13.3,,2,0,5,8,91.6,A1,2,追,5,0,萩原 操  三　重/57/51
0,3,23.0,2,38.4,0,2,5,3.92,1,,0.0,,2,0,6,8,90.0,A1,2,追,6,0,宮内 善光  群　馬/39/88
7,2,47.3,2,57.8,6,2,6,3.92,0,○,36.8,,3,4,6,8,91.52,A1,2,逃,7,2,佐川 翔吾  大　阪/36/94
2,0,15.3,1,23.0,4,0,0,3.92,0,△,15.3,,0,1,1,10,97.84,S2,5,逃,1,1,川越 勇星  神奈川/24/111
6,5,40.7,1,44.4,0,7,1,3.92,2,◎,22.2,,8,1,2,15,102.77,S2,4,追,2,0,伊代野 貴照  奈　良/40/101
2,4,28.5,0,28.5,0,1,2,3.92,1,×,9.5,,4,1,3,15,101.8,S2,4,追,3,0,大塚 玲  神奈川/39/89
5,5,41.6,1,45.8,6,4,3,3.92,0,○,20.8,,0,8,4,13,100.91,S1,4,逃,4,2,伊藤 信  大　阪/37/92
0,0,0.0,2,11.7,0,0,4,3.92,0,注,0.0,,0,0,5,15,97.23,S2,5,追,5,0,四宮 哲郎  京　都/47/71
0,1,11.1,0,11.1,0,2,5,3.92,0,▲,0.0,,1,0,6,8,93.62,S2,6,追,6,0,真崎 新太郎  栃　木/42/85
15,2,80.9,2,90.4,16,3,0,3.92,0,◎,71.4,,0,4,1,2,78.04,A3,1,逃,1,13,長谷部 龍一  岐　阜/24/117
2,0,9.5,3,23.8,2,0,1,3.92,0,×,9.5,,2,0,2,16,68.76,A3,4,追,2,0,小田桐 義継  北海道/43/81
0,0,0.0,0,0.0,0,0,2,3.77,0,▲,0.0,,0,0,3,10,63.9,A3,6,追,3,0,野田 英吾  群　馬/46/75
1,10,45.8,4,62.5,0,1,3,3.92,8,○,4.1,,3,0,4,9,73.7,A3,3,追,4,0,塚本 貴雄  岐　阜/49/70
3,2,27.7,4,50.0,11,11,4,3.85,0,△,16.6,,1,1,5,9,70.0,A3,4,逃,5,3,薮下 直輝  北海道/33/95
0,0,0.0,0,0.0,0,0,5,3.92,0,,0.0,,0,0,6,20,62.5,A3,6,追,6,0,山本 貴喜  大　阪/43/87
1,2,17.6,1,23.5,0,1,6,3.92,1,注,5.8,,2,0,6,13,67.0,A3,5,追,7,0,清水 一博  岩　手/43/84
0,2,10.5,6,42.1,0,1,0,3.92,1,○,0.0,,1,0,1,11,102.88,S1,4,追,1,0,三谷 将太  奈　良/35/92
3,2,21.7,5,43.4,6,0,1,3.92,1,×,13.0,,1,1,2,13,99.21,S2,4,逃,2,2,山本 紳貴  千　葉/36/107
6,2,27.5,4,41.3,0,5,2,3.92,2,注,20.6,,5,1,3,17,101.03,S2,4,追,3,0,山内 卓也  愛　知/44/77
2,2,18.1,4,36.3,0,0,3,3.92,1,△,9.0,,3,0,4,14,98.95,S2,5,追,4,0,中井 達郎  静　岡/46/74
5,4,34.6,2,42.3,8,1,4,3.92,0,◎,19.2,,3,1,5,15,100.57,S2,4,逃,5,5,藤井 昭吾  滋　賀/34/99
2,1,11.1,4,25.9,0,1,5,3.92,0,▲,7.4,,3,0,6,20,95.29,S2,5,追,6,0,植木 和広  神奈川/41/98
4,3,33.3,5,57.1,0,0,0,3.85,0,○,19.0,,5,2,1,9,99.9,S2,4,追,1,0,山口 貴弘  栃　木/43/84
2,2,18.1,4,36.3,0,4,1,3.92,1,△,9.0,,3,0,2,14,102.66,S1,4,両,2,0,岡本 総  愛　知/33/105
5,2,33.3,2,42.8,4,5,2,3.92,0,×,23.8,,3,3,3,12,100.14,S1,4,両,3,1,渡邉 豪大  静　岡/31/107
3,3,21.4,9,53.5,0,1,3,3.93,1,注,10.7,,5,0,4,13,101.53,S2,4,追,4,0,飯田 辰哉  千　葉/47/72
6,1,31.8,3,45.4,8,3,4,3.92,0,◎,27.2,,2,3,5,12,100.04,S2,4,逃,5,2,小畑 勝広  茨　城/21/115
2,3,20.0,2,28.0,13,1,5,3.92,0,▲,8.0,,0,1,6,18,94.72,S2,6,逃,6,4,奥出 良  石　川/27/109
0,4,15.3,6,38.4,0,4,0,3.92,2,注,0.0,,2,0,1,16,99.2,S2,4,追,1,0,中村 敏之輔  北海道/35/91
2,3,19.2,4,34.6,0,0,1,3.93,1,▲,7.6,,4,0,2,17,97.5,S2,5,追,2,0,武田 哲二  京　都/50/65
2,1,17.6,4,41.1,0,1,2,3.92,0,○,11.7,,2,1,3,10,100.86,S2,4,追,3,0,石川 雅望  群　馬/34/91
6,4,43.4,3,56.5,6,1,3,3.92,1,◎,26.0,,1,6,4,10,101.86,S2,4,逃,4,2,一戸 康宏  埼　玉/33/101
2,2,14.8,3,25.9,2,3,4,3.92,1,×,7.4,,0,1,5,20,99.37,S2,4,両,5,2,角 令央奈  兵　庫/33/98
2,2,17.3,2,26.0,3,1,5,3.92,1,,8.6,,2,1,6,17,93.95,S2,6,両,6,0,伊藤 勝太  福　島/32/95
2,2,16.6,4,33.3,8,8,6,3.92,0,△,8.3,,0,1,6,16,96.33,S2,5,逃,7,3,谷口 友真  大　阪/31/109
0,2,8.6,3,21.7,0,1,0,3.92,1,▲,0.0,,1,0,1,18,95.68,S2,5,追,1,0,山下 貴之  神奈川/42/85
6,5,40.7,6,62.9,0,4,1,3.92,4,×,22.2,,6,1,2,10,104.22,S2,3,両,2,0,新山 将史  青　森/30/98
3,4,25.9,1,29.6,0,1,2,3.92,2,注,11.1,,5,0,3,19,97.62,S2,5,追,3,0,富永 益生  愛　知/50/66
4,1,25.0,1,30.0,12,7,3,3.92,0,△,20.0,,0,1,4,14,96.0,S2,5,逃,4,4,早坂 秀悟  茨　城/35/90
3,2,27.7,0,27.7,2,0,4,3.92,0,○,16.6,,3,2,5,13,99.61,S2,4,逃,5,0,松岡 篤哉  岐　阜/38/97
0,1,4.5,3,18.1,0,0,5,3.92,0,,0.0,,1,0,6,18,94.5,S2,6,追,6,0,山田 和巧  神奈川/42/87
7,6,44.8,5,62.0,0,3,6,3.92,6,◎,24.1,,7,0,6,11,103.42,S2,4,追,7,0,松崎 貴久  富　山/46/82
3,6,37.5,3,50.0,7,4,0,3.93,2,◎,12.5,,2,2,1,12,104.91,S1,3,逃,1,3,高久保 雄介  京　都/34/100
1,2,13.6,4,31.8,0,5,1,3.92,1,注,4.5,,2,0,2,15,98.52,S1,5,追,2,0,佐藤 康紀  青　森/46/73
1,4,35.7,0,35.7,6,2,2,3.92,0,×,7.1,,2,1,3,9,98.16,S2,5,逃,3,2,植原 琢也  埼　玉/26/113
1,3,15.3,6,38.4,0,1,3,3.92,0,,3.8,,4,0,4,16,99.26,S2,4,両,4,0,山田 裕哉  岐　阜/34/98
2,3,21.7,4,39.1,0,2,4,3.93,2,○,8.6,,3,0,5,14,99.04,S2,4,追,5,0,伊原 弘幸  福　井/36/90
0,2,7.6,2,15.3,3,1,5,3.92,0,▲,0.0,,1,0,6,22,93.88,S2,6,逃,6,1,佐藤 佑一  岩　手/37/92
0,2,13.3,2,26.6,0,0,6,3.92,1,△,0.0,,1,0,6,11,98.0,S2,5,追,7,0,阿久津 修  栃　木/40/88
2,4,24.0,5,44.0,0,3,0,3.92,0,,8.0,,5,1,1,14,108.0,S1,3,追,1,0,笠松 信幸  愛　知/41/84
2,4,31.5,5,57.8,0,1,1,3.92,1,注,10.5,,4,1,2,8,108.47,S1,3,両,2,0,杉森 輝大  茨　城/38/103
7,2,45.0,3,60.0,0,1,2,3.92,2,△,35.0,,7,0,3,8,108.94,S1,3,両,3,0,山賀 雅仁  千　葉/39/87
1,4,35.7,5,71.4,1,2,3,3.92,1,○,7.1,,3,1,4,4,108.15,S1,3,追,4,0,南 修二  大　阪/39/88
6,4,41.6,2,50.0,2,0,4,3.92,0,×,25.0,,5,4,5,12,109.95,S1,3,両,5,1,宿口 陽一  埼　玉/36/91
3,3,23.0,6,46.1,0,9,5,3.92,2,▲,11.5,,4,0,6,14,107.96,S1,3,両,6,0,佐藤 友和  岩　手/38/88
4,5,52.9,2,64.7,7,2,6,3.92,0,◎,23.5,,1,4,6,6,110.94,S1,2,逃,7,4,野原 雅也  福　井/27/103
7,3,83.3,2,100.0,2,0,0,3.79,0,◎,58.3,,4,5,1,0,56.83,L1,1,両,1,1,尾崎 睦  神奈川/35/108
7,4,52.3,4,71.4,8,4,1,3.77,1,○,33.3,,0,8,2,6,53.52,L1,2,両,2,2,林 真奈美  福　岡/35/110
3,2,21.7,6,47.8,5,0,2,3.77,1,×,13.0,,1,3,3,12,50.9,L1,3,両,3,0,野本 怜菜  埼　玉/22/114
2,1,15.0,4,35.0,0,0,3,3.77,1,△,10.0,,1,1,4,13,49.3,L1,3,両,4,0,國村 美留莉  山　口/21/118
1,1,9.5,5,33.3,0,1,4,3.69,1,注,4.7,,0,1,5,14,49.23,L1,3,両,5,0,三宅 愛梨  岡　山/29/104
0,0,0.0,1,8.3,1,0,5,3.71,0,▲,0.0,,0,0,6,11,46.0,L1,4,両,6,0,田仲 敦子  熊　本/36/104
0,0,0.0,2,13.3,0,0,6,3.79,0,,0.0,,0,0,6,13,45.53,L1,5,両,7,0,神澤 瑛菜  群　馬/21/116
10,8,78.2,3,91.3,2,0,0,3.77,3,◎,43.4,,3,12,1,2,56.0,L1,1,両,1,0,荒牧 聖未  栃　木/30/102
16,3,86.3,0,86.3,18,0,1,3.77,1,○,72.7,,0,2,2,3,55.77,L1,1,両,2,16,尾方 真生  福　岡/21/118
0,3,14.2,5,38.0,0,0,2,3.77,3,×,0.0,,0,0,3,13,50.71,L1,3,両,3,0,高橋 朋恵  東　京/26/108
0,1,6.6,3,26.6,0,2,3,3.71,1,△,0.0,,0,0,4,11,50.13,L1,3,両,4,0,山口 伊吹  長　崎/21/116
1,0,4.7,6,33.3,0,0,4,3.79,0,注,4.7,,1,0,5,14,49.23,L1,3,両,5,0,大和 久保美  青　森/29/102
1,0,6.6,2,20.0,0,0,5,3.69,0,▲,6.6,,1,0,6,12,48.26,L1,4,両,6,0,三森 彩桜  福　島/21/116
0,0,0.0,0,0.0,0,0,6,3.79,0,,0.0,,0,0,6,16,43.43,L1,5,両,7,0,岩原 紗也香  徳　島/28/118
3,4,35.0,2,45.0,1,2,0,3.92,0,×,15.0,,5,2,1,11,90.55,A1,2,両,1,0,長井 妙樹  東　京/32/96
6,2,44.4,1,50.0,9,6,1,3.93,0,◎,33.3,,1,6,2,9,87.66,A1,3,逃,2,1,今村 麟太郎  高　知/25/111
3,3,25.0,5,45.8,0,2,2,3.92,0,○,12.5,,4,2,3,13,87.37,A1,3,両,3,0,岩本 純  岡　山/39/94
3,2,23.8,3,38.0,10,1,3,3.92,1,△,14.2,,0,0,4,13,84.85,A2,4,両,4,4,片折 勇輝  福　岡/36/95
1,0,4.7,7,38.0,0,0,4,3.92,0,,4.7,,1,0,5,13,82.57,A2,4,追,5,0,沖本 尚織  広　島/41/87
0,0,0.0,3,18.7,0,7,5,3.92,0,注,0.0,,0,0,6,13,80.68,A2,4,追,6,0,中園 朋亨  福　岡/34/93
0,0,0.0,1,11.1,5,4,6,3.85,0,▲,0.0,,0,0,6,8,77.66,A2,5,逃,7,0,山本 修平  東　京/25/115
4,7,45.8,3,58.3,0,3,0,3.92,6,◎,16.6,,5,0,1,10,87.95,A1,3,追,1,0,荒木 伸哉  静　岡/41/87
3,3,37.5,0,37.5,4,9,1,3.92,0,×,18.7,,1,4,2,10,87.81,A1,3,両,2,1,利根 正明  大　分/31/97
5,1,40.0,1,46.6,2,6,2,3.92,0,○,33.3,,0,4,3,8,86.13,A1,3,両,3,2,吉川 誠  神奈川/39/86
3,2,26.3,2,36.8,1,0,3,3.85,1,△,15.7,,1,3,4,12,83.63,A1,4,両,4,0,山崎 翼  大　分/32/95
0,2,9.5,3,23.8,0,0,4,3.92,0,注,0.0,,2,0,5,16,82.09,A1,4,追,5,0,住村 実  徳　島/44/82
1,1,9.5,2,19.0,0,1,5,3.86,1,▲,4.7,,1,0,6,17,80.47,A2,4,追,6,0,高橋 京治  埼　玉/57/51
0,0,0.0,2,13.3,0,0,6,3.92,0,,0.0,,0,0,6,13,78.33,A2,5,追,7,0,佐古 雅俊  広　島/60/45
9,3,100.0,0,100.0,4,5,0,3.85,0,◎,75.0,,0,9,1,0,79.16,A3,1,逃,1,3,山田 雄大  埼　玉/20/117
0,1,4.7,7,38.0,0,0,1,3.92,0,△,0.0,,1,0,2,13,69.34,A3,4,追,2,0,古屋 孝一  愛　知/53/62
0,3,14.2,4,33.3,3,2,2,3.83,0,注,0.0,,0,1,3,14,66.75,A3,5,両,3,2,吉田 輪太郎  神奈川/42/88
4,2,28.5,4,47.6,5,0,3,3.93,0,×,19.0,,2,3,4,11,72.42,A3,3,逃,4,1,浜田 翔平  大　阪/31/111
0,3,20.0,4,46.6,0,0,4,3.92,2,○,0.0,,1,0,5,8,72.13,A3,3,追,5,0,清水 吉康  東　京/42/85
1,0,6.2,2,18.7,0,0,5,3.92,0,,6.2,,1,0,6,13,65.31,A3,5,追,6,0,原野 隆  東　京/43/83
1,0,6.6,1,13.3,0,0,6,3.92,0,▲,6.6,,1,0,6,13,67.2,A3,5,追,7,0,小林 裕司  千　葉/49/71
7,4,52.3,3,66.6,0,3,0,3.92,2,◎,33.3,,7,1,1,7,89.76,A1,2,両,1,1,内村 泰三  山　口/47/72
4,4,42.1,5,68.4,13,0,1,3.93,0,○,21.0,,0,1,2,6,87.78,A1,3,逃,2,7,山崎 駿哉  岡　山/23/113
4,5,42.8,1,47.6,13,8,2,3.86,0,×,19.0,,2,2,3,11,84.9,A2,4,逃,3,5,池部 壮太  大　分/28/109
2,3,23.8,4,42.8,0,0,3,3.92,1,,9.5,,2,2,4,12,84.23,A1,4,追,4,0,武智 尚之  愛　媛/49/70
5,3,34.7,1,39.1,3,3,4,3.92,0,△,21.7,,2,5,5,14,83.3,A2,4,両,5,1,伊藤 翼  神奈川/35/94
1,1,10.0,5,35.0,0,0,5,3.93,0,▲,5.0,,2,0,6,13,81.5,A2,4,追,6,0,鶴岡 與之  千　葉/43/81
0,1,5.5,2,16.6,0,0,6,3.93,0,注,0.0,,1,0,6,15,80.11,A2,4,追,7,0,米丸 俊成  熊　本/50/72
7,3,47.6,3,61.9,2,1,0,3.92,0,◎,33.3,,4,5,1,8,89.57,A1,2,両,1,1,高田 真幸  福　岡/43/83
5,0,27.7,3,44.4,0,0,1,3.85,0,×,27.7,,5,0,2,10,86.61,A1,3,追,2,0,大橋 直人  埼　玉/44/77
4,1,22.7,6,50.0,8,0,2,3.92,0,△,18.1,,0,1,3,11,85.9,A2,3,両,3,4,勝俣 亮  神奈川/43/82
2,0,22.2,1,33.3,1,1,3,3.92,0,注,22.2,,2,0,4,6,83.11,A2,4,逃,4,0,田口 守  山　口/32/94
5,1,28.5,1,33.3,0,0,4,3.92,1,○,23.8,,5,0,5,14,82.61,A2,4,追,5,0,足達 重満  長　崎/45/80
1,2,15.7,4,36.8,0,0,5,3.85,2,▲,5.2,,1,0,6,12,81.36,A2,4,追,6,0,上原 直樹  岡　山/47/75
0,2,9.0,2,18.1,0,1,6,3.92,1,,0.0,,1,0,6,18,79.95,A2,5,追,7,0,大田 啓介  岡　山/46/73
7,5,66.6,1,72.2,10,3,0,3.92,0,◎,38.8,,0,5,1,5,91.83,A2,2,逃,1,7,板垣 昴  福　島/28/115
3,4,29.1,5,50.0,0,4,1,3.92,2,○,12.5,,5,0,2,12,89.25,A1,2,追,2,0,栗林 巧  青　森/40/89
5,5,41.6,3,54.1,12,2,2,3.85,0,×,20.8,,0,3,3,11,86.66,A2,3,逃,3,7,横内 裕人  愛　媛/29/100
3,7,47.6,1,52.3,0,0,3,3.93,3,△,14.2,,7,0,4,10,86.52,A1,3,追,4,0,三宅 旬  岡　山/43/80
1,0,4.7,1,9.5,2,1,4,3.92,0,注,4.7,,1,0,5,19,81.57,A2,4,両,5,0,茅野 寛史  鹿児島/42/99
0,1,5.5,4,27.7,0,0,5,3.93,0,▲,0.0,,1,0,6,13,80.94,A2,4,追,6,0,渡邊 一洋  静　岡/47/72
1,0,6.2,3,25.0,3,1,6,3.92,0,,6.2,,0,1,6,12,79.5,A2,5,両,7,0,原 清孝  沖　縄/44/98
12,3,71.4,3,85.7,7,5,0,3.92,0,◎,57.1,,0,10,1,3,93.9,A2,2,逃,1,5,伊藤 旭  熊　本/20/117
2,5,31.8,4,50.0,0,1,1,3.92,3,○,9.0,,4,0,2,11,89.5,A1,2,追,2,0,飯田 裕次  福　岡/35/97
0,6,28.5,3,42.8,0,3,2,3.92,4,注,0.0,,2,0,3,12,84.33,A1,4,両,3,0,石坂 永伍  岡　山/34/93
3,1,28.5,1,35.7,0,0,3,3.79,1,×,21.4,,3,0,4,9,83.78,A2,4,両,4,0,武市 和人  高　知/47/74
2,3,23.8,6,52.3,9,1,4,3.93,0,△,9.5,,0,0,5,10,83.6,A2,4,逃,5,5,門馬 琢麿  福　島/36/105
2,0,11.1,4,33.3,0,0,5,3.92 3.86,0,▲,11.1,,2,0,6,12,81.72,A2,4,追,6,0,柳 充  青　森/46/79
0,0,0.0,0,0.0,0,0,6,3.92,0,,0.0,,0,0,6,18,76.77,A2,5,追,7,0,田村 博之  徳　島/51/69
7,2,75.0,1,83.3,5,3,0,3.92,0,◎,58.3,,2,7,1,2,95.75,A1,2,逃,1,0,木村 弘  青　森/29/100
3,3,40.0,2,53.3,1,0,1,3.92,1,×,20.0,,2,3,2,7,92.93,A1,2,両,2,0,上吹越 俊一  鹿児島/44/99
7,5,57.1,1,61.9,0,2,2,3.92,2,注,33.3,,10,0,3,8,92.66,A1,2,両,3,0,越智 展孝  愛　媛/39/88
6,3,42.8,2,52.3,6,1,3,3.92,0,▲,28.5,,1,5,4,10,92.19,A1,2,逃,4,3,川口 雄太  徳　島/24/111
6,1,46.6,2,60.0,6,3,4,3.92,1,△,40.0,,2,3,5,6,91.6,A1,2,逃,5,1,八谷 誠賢  福　岡/45/77
1,5,50.0,0,50.0,0,3,5,3.93,3,,8.3,,3,0,6,6,91.16,A1,2,両,6,0,西田 将士  長　崎/37/105
8,4,50.0,4,66.6,2,7,6,3.92,4,○,33.3,,3,5,6,8,90.95,A1,2,両,7,0,和田 誠寿  広　島/29/103
7,7,66.6,3,80.9,6,1,0,3.77,3,◎,33.3,,2,8,1,4,54.85,L1,2,両,1,1,中川 諒子  熊　本/36/102
1,12,48.1,4,62.9,5,2,1,3.77,9,○,3.7,,2,0,2,10,52.8,L1,2,両,2,2,内村 舞織  福　岡/23/112
2,5,29.1,2,37.5,2,0,2,3.77,4,×,8.3,,1,1,3,15,50.08,L1,3,両,3,1,佐伯 智恵  愛　媛/22/114
1,1,9.5,6,38.0,3,0,3,3.77,0,△,4.7,,1,0,4,13,49.85,L1,3,両,4,1,田中 月菜  佐　賀/20/118
1,3,22.2,1,27.7,0,0,4,3.71,3,注,5.5,,1,0,5,13,47.77,L1,4,両,5,0,猪頭 香緒里  岡　山/44/104
0,0,0.0,1,3.7,0,4,5,3.71,0,▲,0.0,,0,0,6,26,46.11,L1,4,両,6,0,向井 円  大　阪/27/114
0,1,4.1,0,4.1,0,1,6,3.71,1,,0.0,,0,0,6,23,45.25,L1,5,両,7,0,飯塚 朋子  大　阪/41/102
12,2,82.3,1,88.2,9,0,0,3.79,0,◎,70.5,,0,9,1,2,56.31,L1,1,両,1,5,柳原 真緒  福　井/23/114
5,8,54.1,7,83.3,4,0,1,3.77,2,○,20.8,,1,5,2,4,53.86,L1,2,両,2,5,西島 叶子  熊　本/26/118
0,0,0.0,0,0.0,0,0,2,3.69,0,×,0.0,,0,0,3,2,50.0,L1,3,両,3,0,出口 倫子  長　崎/24/116
0,2,9.5,6,38.0,0,1,3,3.71,1,△,0.0,,1,0,4,13,49.57,L1,3,両,4,0,三宅 玲奈  岡　山/25/108
5,3,33.3,1,37.5,8,0,4,3.77,1,注,20.8,,1,2,5,15,49.2,L1,3,両,5,4,下条 未悠  富　山/20/118
0,0,0.0,4,19.0,0,0,5,3.71,0,▲,0.0,,0,0,6,17,47.19,L1,4,両,6,0,猪子 真実  愛　知/40/104
0,0,0.0,0,0.0,1,1,6,3.71,0,,0.0,,0,0,6,21,45.66,L1,5,両,7,0,日野 友葵  愛　媛/25/108
5,3,50.0,1,56.2,11,3,0,3.92,0,◎,31.2,,0,3,1,7,88.25,A1,3,逃,1,5,松本 卓也  徳　島/30/98
1,6,38.8,3,55.5,0,1,1,3.92,2,△,5.5,,4,1,2,8,88.05,A2,3,追,2,0,小原 将通  大　分/33/92
9,3,52.1,1,56.5,8,1,2,3.92,0,×,39.1,,0,6,3,10,87.73,A1,3,両,3,6,飯塚 隼人  佐　賀/32/95
1,2,15.0,3,30.0,0,1,3,3.92,2,○,5.0,,1,0,4,14,85.42,A1,3,追,4,0,増田 鉄男  徳　島/46/74
2,0,11.1,6,44.4,2,2,4,3.92,0,注,11.1,,1,0,5,10,83.22,A2,4,追,5,1,竹内 真一  福　岡/39/89
0,1,7.6,4,38.4,1,0,5,3.92,0,▲,0.0,,1,0,6,8,79.84,A2,5,逃,6,0,山中 崇弘  高　知/25/113
5,7,57.1,2,66.6,14,1,0,3.92,0,◎,23.8,,1,2,1,7,88.28,A1,3,逃,1,9,船瀬 惇平  広　島/27/111
3,6,42.8,4,61.9,11,3,1,3.93,0,×,14.2,,0,3,2,8,85.95,A2,3,逃,2,6,中里 福太郎  長　崎/25/113
4,2,30.0,2,40.0,0,3,2,3.92,2,△,20.0,,4,0,3,12,85.57,A1,3,追,3,0,松尾 玄太  佐　賀/35/93
0,0,0.0,6,25.0,0,1,3,3.92,0,○,0.0,,0,0,4,18,85.45,A2,3,追,4,0,山本 貴章  岡　山/46/76
0,3,16.6,3,33.3,0,0,4,3.93,1,注,0.0,,2,0,5,12,81.05,A2,4,追,5,0,吉川 裕二  大　分/39/86
0,3,14.2,3,28.5,2,2,5,3.92,2,▲,0.0,,0,1,6,15,80.47,A2,4,追,6,0,松丸 裕紀  福　岡/40/86
4,5,42.8,4,61.9,12,1,0,3.93,0,◎,19.0,,0,3,1,8,89.28,A1,2,逃,1,6,板崎 佑矢  愛　媛/32/101
5,2,38.8,4,61.1,0,1,1,3.92,1,×,27.7,,6,0,2,7,87.88,A2,3,追,2,0,川島 勝  長　崎/38/89
1,3,30.7,2,46.1,0,1,2,3.93,1,○,7.6,,3,0,3,7,85.58,A1,3,追,3,0,田村 浩章  徳　島/44/82
1,1,9.5,8,47.6,8,0,3,3.92,0,△,4.7,,0,1,4,11,83.71,A1,4,逃,4,1,桜井 雄太  愛　知/29/100
1,2,16.6,3,33.3,0,0,4,3.93,1,注,5.5,,2,0,5,12,82.5,A2,4,追,5,0,外山 三平  愛　知/42/88
3,3,28.5,0,28.5,3,1,5,3.92,1,▲,14.2,,0,1,6,15,80.61,A2,4,両,6,4,中野 真吾  佐　賀/34/111
0,2,13.3,2,26.6,0,0,6,3.92,1,,0.0,,1,0,6,11,79.93,A2,5,追,7,0,寺崎 祐樹  熊　本/33/97
2,6,38.0,4,57.1,0,2,0,3.92,3,○,9.5,,5,0,1,9,87.28,A1,3,追,1,0,藤井 孝則  兵　庫/42/82
4,2,33.3,3,50.0,0,7,1,3.85,1,×,22.2,,4,1,2,9,89.77,A1,2,追,2,0,須賀 和彦  茨　城/36/89
0,1,16.6,2,50.0,0,0,2,3.85,0,△,0.0,,1,0,3,3,83.5,A1,4,追,3,0,渡邉 藤男  栃　木/54/57
1,1,9.5,4,28.5,0,0,3,3.93,1,注,4.7,,1,0,4,15,80.85,A2,4,追,4,0,大井 啓世  奈　良/55/58
3,4,33.3,4,52.3,10,2,4,3.92,0,◎,14.2,,4,1,5,10,85.09,A2,3,逃,5,2,山本 隼人  大　阪/23/111
1,3,19.0,1,23.8,4,15,5,3.92,1,▲,4.7,,2,0,6,16,80.33,A2,4,両,6,1,伊藤 之人  東　京/38/90
2,4,31.5,3,47.3,0,3,0,3.92,2,○,10.5,,4,0,1,10,89.27,A1,2,追,1,0,仲松 勝太  沖　縄/43/96
11,1,66.6,1,72.2,3,0,1,3.92,1,◎,61.1,,2,9,2,5,88.16,A2,3,逃,2,0,谷元 奎心  鹿児島/20/117
8,2,41.6,5,62.5,15,0,2,3.92,0,×,33.3,,0,3,3,9,86.91,A1,3,逃,3,7,江端 隆司  福　井/28/103
1,4,23.8,6,52.3,0,3,3,3.92,3,△,4.7,,2,0,4,10,85.09,A2,3,追,4,0,竹内 一暢  滋　賀/43/84
5,2,29.1,3,41.6,0,6,4,3.92,1,注,20.8,,5,1,5,14,83.91,A1,4,両,5,0,市本 隆司  広　島/49/72
1,5,30.0,2,40.0,0,0,5,3.93,4,,5.0,,0,2,6,12,83.65,A2,4,両,6,0,中山 敬太郎  熊　本/31/100
1,2,12.5,4,29.1,11,1,6,3.93,0,▲,4.1,,0,2,6,17,81.2,A1,4,逃,7,1,友永 龍介  山　口/30/101
5,4,37.5,6,62.5,11,6,0,3.92,1,◎,20.8,,3,2,1,9,91.91,A1,2,逃,1,3,今野 大輔  愛　媛/27/111
3,2,33.3,5,66.6,0,0,1,3.92,2,○,20.0,,3,0,2,5,89.86,A1,2,追,2,0,梶應 弘樹  愛　媛/55/57
0,2,9.5,5,33.3,0,0,2,3.92,1,注,0.0,,1,0,3,14,85.14,A2,3,追,3,0,荒木 真慈  熊　本/49/69
2,3,27.7,2,38.8,5,8,3,3.85,0,×,11.1,,1,1,4,11,82.77,A2,4,逃,4,3,田中 大我  奈　良/22/115
4,0,19.0,4,38.0,3,0,4,3.92,0,△,19.0,,1,2,5,13,82.19,A2,4,両,5,1,善利 裕生  滋　賀/43/82
1,3,16.6,1,20.8,0,0,5,3.92,2,▲,4.1,,0,2,6,19,81.12,A2,4,両,6,0,西 徹  石　川/43/79
0,0,0.0,1,4.7,0,1,6,3.92,0,,0.0,,0,0,6,20,79.8,A2,5,追,7,0,瓦田 勝也  福　岡/47/77
7,1,57.1,3,78.5,8,2,0,3.92,0,◎,50.0,,0,4,1,3,91.76,A2,2,逃,1,4,立部 楓真  佐　賀/22/115
4,4,44.4,4,66.6,0,2,1,3.92,4,○,22.2,,3,1,2,6,90.55,A1,2,両,2,0,城戸崎 隆史  福　岡/48/76
3,3,33.3,2,44.4,0,3,2,3.92,3,×,16.6,,3,0,3,10,87.88,A1,3,両,3,0,田中 洋輔  宮　崎/41/84
3,1,28.5,1,35.7,0,0,3,3.92,0,△,21.4,,4,0,4,9,84.92,A2,4,追,4,0,船曳 義之  香　川/44/83
2,2,17.3,5,39.1,0,1,4,3.92,2,注,8.6,,2,0,5,14,84.65,A2,4,追,5,0,井山 和裕  山　口/42/84
2,4,28.5,4,47.6,6,0,5,3.92,0,▲,9.5,,0,5,6,11,82.66,A2,4,逃,6,1,中尾 翔  岡　山/29/107
2,1,15.7,2,26.3,2,3,6,3.92,1,,10.5,,1,1,6,14,79.31,A2,5,逃,7,0,宮崎 康司  香　川/32/94
7,3,55.5,2,66.6,0,1,0,3.92,2,×,38.8,,8,0,1,6,94.16,A1,2,追,1,0,峰重 祐之介  岡　山/31/100
4,7,52.3,2,61.9,0,3,1,3.92,5,△,19.0,,6,0,2,8,93.66,A1,2,追,2,0,近藤 修康  岡　山/49/67
1,2,60.0,0,60.0,0,1,2,3.92,1,注,20.0,,2,0,3,2,92.5,A1,2,両,3,0,名川 豊  福　岡/30/99
6,5,52.3,2,61.9,2,0,3,3.92,3,◎,28.5,,3,3,4,8,92.47,A1,2,両,4,2,太田 剛司  愛　知/40/97
2,2,30.7,4,61.5,0,1,4,3.92,2,,15.3,,2,0,5,5,92.33,A1,2,追,5,0,高木 和仁  福　岡/46/76
5,2,38.8,4,61.1,6,4,5,3.92,0,○,27.7,,1,5,6,7,92.05,A1,2,逃,6,1,吉田 篤史  奈　良/32/109
5,0,50.0,0,50.0,6,2,6,3.92,0,▲,50.0,,2,2,6,5,92.0,A1,2,逃,7,1,曽我 圭佑  熊　本/26/113
0,3,20.0,2,33.3,0,1,0,3.92,2,○,0.0,,1,0,1,10,84.38,A1,4,追,1,0,宗景 祐樹  栃　木/45/84
1,1,8.3,3,20.8,0,0,1,3.86,1,△,4.1,,1,0,2,19,80.87,A2,4,追,2,0,児玉 利文  岐　阜/46/76
7,3,43.4,5,65.2,0,3,2,3.92,2,×,30.4,,6,2,3,8,90.04,A1,2,追,3,0,星野 辰也  栃　木/35/95
2,4,40.0,3,60.0,12,5,3,3.92,0,◎,13.3,,0,1,4,6,85.86,A2,3,逃,4,5,寺沼 伊織  東　京/23/115
0,0,0.0,3,14.2,0,0,4,3.92,0,▲,0.0,,0,0,5,18,79.66,A2,5,追,5,0,永原 徹  富　山/42/87
1,3,19.0,1,23.8,3,0,5,3.92,0,注,4.7,,1,0,6,16,79.61,A2,5,逃,6,3,川西 貴之  岐　阜/34/99
1,2,15.7,2,26.3,0,0,0,3.85,1,注,5.2,,2,0,1,14,81.31,A2,4,追,1,0,阿部 博之  東　京/44/82
4,3,38.8,2,50.0,2,4,1,3.92,1,◎,22.2,,5,1,2,9,89.44,A1,2,両,2,0,田中 孝彦  静　岡/34/91
2,2,16.6,2,25.0,2,1,2,3.92,1,△,8.3,,2,0,3,18,81.62,A2,4,両,3,1,山村 慮太  大　阪/34/97
4,6,47.6,0,47.6,5,1,3,3.86,0,×,19.0,,2,4,4,11,85.57,A2,3,逃,4,4,舘 真成  茨　城/33/98
1,2,20.0,5,53.3,0,0,4,3.92,2,○,6.6,,1,0,5,7,86.86,A1,3,追,5,0,松永 晃典  静　岡/46/76
0,0,0.0,0,0.0,0,1,5,3.85,0,,0.0,,0,0,6,9,79.66,A1,5,両,6,0,三上 佳孝  千　葉/38/88
1,0,12.5,1,25.0,4,0,6,3.92,0,▲,12.5,,0,0,6,6,81.16,A1,4,逃,7,1,大城 慶之  大　阪/36/113
2,5,43.7,0,43.7,4,2,0,3.92,0,○,12.5,,3,2,1,9,88.0,A1,3,両,1,2,猪俣 康一  愛　知/44/99
1,2,15.0,4,35.0,0,2,1,3.92,2,▲,5.0,,1,0,2,13,81.68,A2,4,両,2,0,稲葉 一真  静　岡/31/100
0,4,22.2,3,38.8,0,1,2,3.92,2,注,0.0,,2,0,3,11,81.77,A2,4,追,3,0,浦崎 貴史  北海道/49/75
1,3,19.0,2,28.5,0,1,3,3.92,2,×,4.7,,2,0,4,15,82.95,A1,4,追,4,0,中島 義之  京　都/50/68
2,3,23.8,3,38.0,2,3,4,3.92,0,△,9.5,,3,0,5,13,83.38,A2,4,両,5,2,玉木 英典  福　島/35/95
1,0,5.0,2,15.0,0,0,5,3.92,0,,5.0,,1,0,6,17,80.75,A2,4,追,6,0,佐藤 有輝  神奈川/42/85
3,6,42.8,4,61.9,0,1,6,3.92,3,◎,14.2,,4,2,6,8,89.38,A1,2,追,7,0,上田 隼  岐　阜/31/97
0,1,5.5,4,27.7,0,5,0,3.92,1,▲,0.0,,0,0,1,13,81.52,A2,4,追,1,0,北村 匡章  静　岡/47/71
4,3,31.8,2,40.9,16,0,1,3.85,0,◎,18.1,,0,1,2,13,87.95,A1,3,逃,2,6,尾崎 悠生  埼　玉/23/113
0,4,22.2,5,50.0,2,4,2,3.92,3,注,0.0,,0,0,3,9,85.16,A2,3,両,3,1,肥後 公允  奈　良/36/91
1,1,9.0,5,31.8,0,0,3,3.92,0,○,4.5,,2,0,4,15,83.77,A1,4,追,4,0,深井 高志  東　京/52/63
1,6,29.1,7,58.3,0,1,4,3.92,5,×,4.1,,2,0,5,10,87.16,A1,3,追,5,0,川木 敬大  兵　庫/42/84
1,1,11.1,3,27.7,5,1,5,3.92,1,,5.5,,0,0,6,13,79.94,A2,5,両,6,1,山田 慎一郎  神奈川/41/89
1,6,25.0,6,46.4,0,2,6,3.92,3,△,3.5,,4,0,6,15,84.21,A2,4,追,7,0,黒崎 直行  栃　木/54/57
